comment_id,subreddit,account_age_days,user_karma,reply_delay_seconds,sentiment_score,avg_word_length,contains_links,is_bot_flag,bot_type_label,bot_probability
t1_3148938807,funny,2264,34192,1854,-0.6,4.62,False,False,None (Human),0.093
t1_2516748923,gaming,1654,2812,1033,0.15,5.84,False,False,None (Human),0.117
t1_833922318,politics,2442,37109,2703,0.35,5.73,False,False,None (Human),0.115
t1_3987809057,funny,168,32997,2811,-0.74,4.58,False,False,None (Human),0.094
t1_3931039688,gaming,801,25088,1721,-0.96,5.78,False,False,None (Human),0.116
t1_1823344980,gaming,1333,17813,3237,0.93,4.08,False,False,None (Human),0.082
t1_2200198198,funny,2582,46483,1084,0.98,5.33,False,False,None (Human),0.107
t1_2829662417,gaming,380,6760,622,-0.42,4.72,False,False,None (Human),0.096
t1_2850096997,funny,2916,17095,3486,0.44,4.56,False,False,None (Human),0.091
t1_4076684298,worldnews,2797,43817,2,-0.15,6.05,True,True,AI Summarizer,0.254
t1_3646981088,gaming,2738,14889,3283,-0.13,4.19,False,False,None (Human),0.084
t1_2715486856,funny,2669,16247,2,0.98,7.11,True,True,Reprint Bot,0.276
t1_2264612760,funny,1,27834,8,-0.88,5.7,True,True,Engagement Farmer,0.358
t1_1411571710,politics,1785,41990,1779,-0.31,4.69,False,False,None (Human),0.094
t1_208296852,politics,1491,23803,1944,0.94,5.23,False,False,None (Human),0.105
t1_704509904,technology,169,25925,1195,-0.28,4.94,False,False,None (Human),0.101
t1_3036848062,pics,453,46330,8,-0.05,7.32,True,True,Reprint Bot,0.192
t1_1944371308,pics,1474,33597,2651,-0.27,5.86,False,False,None (Human),0.118
t1_781277218,politics,1540,18044,2401,0.8,4.35,False,False,None (Human),0.087
t1_1004448369,technology,2631,36598,1,0.71,6.43,False,True,Reprint Bot,0.329
t1_781177382,technology,455,2681,126,0.03,4.17,False,False,None (Human),0.087
t1_3722968228,politics,5,32774,9,-0.98,7.07,True,True,AI Summarizer,0.248
t1_3933595696,technology,1321,16590,2836,-0.47,4.77,False,False,None (Human),0.096
t1_3236808658,funny,702,48078,679,0.84,4.34,False,False,None (Human),0.088
t1_2296493102,funny,533,48056,5,-0.46,6.78,True,True,Engagement Farmer,0.203
t1_1953599231,technology,118,24044,172,-0.51,4.53,False,False,None (Human),0.096
t1_2806905670,pics,1359,45490,1790,-0.84,5.18,False,False,None (Human),0.104
t1_1956762188,gaming,13,36526,8,-0.98,6.63,True,True,AI Summarizer,0.206
t1_2812423440,funny,2519,33500,101,-0.84,5.31,False,False,None (Human),0.11
t1_3746070198,technology,2945,18525,8,-0.22,5.63,True,True,AI Summarizer,0.157
t1_4012840232,gaming,1,11730,2,-0.47,6.6,True,True,AI Summarizer,0.465
t1_4111683711,gaming,1444,15147,144,-0.43,4.47,False,False,None (Human),0.092
t1_4077737660,technology,261,22839,2174,-0.4,5.66,False,False,None (Human),0.115
t1_1406151306,worldnews,584,33358,3,0.65,5.72,True,True,Engagement Farmer,0.215
t1_1337791316,pics,6,14504,3,-0.03,7.17,True,True,Engagement Farmer,0.301
t1_3825704093,gaming,1578,24878,1,-0.51,5.88,True,True,Engagement Farmer,0.318
t1_745682737,gaming,13,4825,7,-0.92,6.94,False,True,Reprint Bot,0.217
t1_180636690,worldnews,20,685,3,-0.5,6.86,True,True,Engagement Farmer,0.256
t1_3205306129,politics,1731,15301,2318,0.89,4.71,False,False,None (Human),0.095
t1_4263230533,worldnews,942,49044,6,-0.57,6.59,True,True,Engagement Farmer,0.189
t1_2030320729,pics,2832,4044,9,0.17,5.62,False,True,Reprint Bot,0.153
t1_462757602,funny,182,20968,3252,-0.11,5.4,False,False,None (Human),0.11
t1_873402706,politics,2273,21069,1572,0.53,4.16,False,False,None (Human),0.084
t1_352468586,pics,2392,17697,9,-0.53,7.08,True,True,AI Summarizer,0.182
t1_1549776832,politics,2728,49395,2650,0.71,5.5,False,False,None (Human),0.11
t1_2544293252,technology,21,4614,4,0.87,6.63,True,True,Reprint Bot,0.231
t1_1391599444,technology,2375,47291,3323,-0.66,5.89,False,False,None (Human),0.118
t1_619597923,gaming,2405,43581,4,-0.72,5.78,False,True,Engagement Farmer,0.196
t1_716767566,funny,812,12373,1639,0.59,5.14,False,False,None (Human),0.104
t1_2164448891,technology,1870,38970,1330,-0.33,5.81,False,False,None (Human),0.117
t1_2158258684,worldnews,1790,29291,185,-0.53,5.44,False,False,None (Human),0.111
t1_418550074,gaming,1615,19513,8,-0.35,6.76,True,True,AI Summarizer,0.18
t1_204788030,gaming,1406,41095,6,0.7,5.57,True,True,Engagement Farmer,0.169
t1_577371494,funny,9,44631,2,-0.35,5.77,True,True,AI Summarizer,0.289
t1_2578614923,technology,2346,24825,10,0.9,7.27,True,True,AI Summarizer,0.182
t1_1747175626,technology,851,35128,2338,0.96,4.48,False,False,None (Human),0.09
t1_191144476,worldnews,29,43518,1,-0.86,6.13,True,True,Reprint Bot,0.336
t1_453817725,pics,20,5555,3,0.43,6.1,False,True,AI Summarizer,0.241
t1_764479003,technology,1331,38725,460,0.56,4.44,False,False,None (Human),0.09
t1_3827608056,funny,2554,34575,3300,0.32,5.25,False,False,None (Human),0.105
t1_3696500229,funny,7,8094,3,-0.97,6.87,False,True,AI Summarizer,0.287
t1_2618860913,technology,267,27942,1916,-0.68,5.85,False,False,None (Human),0.119
t1_2945469301,gaming,2983,40385,1060,0.86,4.26,False,False,None (Human),0.086
t1_1171606649,worldnews,547,45441,884,-0.98,5.24,False,False,None (Human),0.106
t1_4139044836,pics,21,23645,7,0.46,6.89,True,True,Reprint Bot,0.206
t1_104923241,worldnews,291,40254,7,0.29,7.2,True,True,Reprint Bot,0.195
t1_82688577,politics,1819,8948,2663,-0.12,5.12,False,False,None (Human),0.103
t1_1134760149,worldnews,1595,45879,2900,-0.59,5.7,False,False,None (Human),0.114
t1_6153929,gaming,1703,4515,3557,0.22,5.48,False,False,None (Human),0.11
t1_2845724181,pics,1544,25645,4,0.4,6.38,True,True,Engagement Farmer,0.208
t1_681568574,gaming,4,38042,5,0.58,6.89,False,True,AI Summarizer,0.284
t1_868465281,funny,585,5916,209,-0.95,4.89,False,False,None (Human),0.1
t1_2880613414,pics,1754,36641,630,0.44,5.48,False,False,None (Human),0.11
t1_499290792,gaming,2666,44059,1282,-0.14,5.62,False,False,None (Human),0.113
t1_197624595,politics,2943,41492,1408,-0.34,5.28,False,False,None (Human),0.106
t1_4253316936,worldnews,30,32863,2,0.1,7.09,False,True,AI Summarizer,0.288
t1_3595244807,technology,719,45718,951,-0.78,4.81,False,False,None (Human),0.097
t1_3718038954,technology,496,48013,9,0.7,7.24,True,True,Engagement Farmer,0.186
t1_711120847,politics,2713,30275,6,-0.54,5.61,False,True,Reprint Bot,0.169
t1_814303646,pics,2695,15583,8,-0.68,6.05,False,True,Engagement Farmer,0.166
t1_112814257,gaming,8,37817,3,0.94,5.54,False,True,Reprint Bot,0.255
t1_4028075402,technology,2429,8765,7,-0.28,6.21,False,True,Engagement Farmer,0.174
t1_2315814164,funny,401,38277,2658,-0.57,4.26,False,False,None (Human),0.086
t1_1981128746,worldnews,147,28118,3,0.88,5.68,False,True,Reprint Bot,0.216
t1_2638488181,politics,1832,44889,6,0.77,6.85,False,True,Engagement Farmer,0.194
t1_2126537020,funny,2814,4308,725,-0.41,5.79,False,False,None (Human),0.116
t1_1387186732,technology,949,12224,4,1.0,6.81,True,True,AI Summarizer,0.217
t1_3253533938,gaming,223,44956,5,0.44,6.24,True,True,Reprint Bot,0.193
t1_515405518,worldnews,1184,46690,1475,-0.5,4.56,False,False,None (Human),0.092
t1_1288872990,gaming,694,11321,2,-0.33,6.21,False,True,Engagement Farmer,0.258
t1_1155203487,politics,773,23525,3009,0.55,5.56,False,False,None (Human),0.112
t1_2323725041,technology,1370,8822,2549,0.08,5.78,False,False,None (Human),0.116
t1_1515706554,pics,16,14653,4,-0.72,5.74,False,True,AI Summarizer,0.218
t1_4143511276,gaming,2268,40801,1092,0.53,4.9,False,False,None (Human),0.099
t1_3534139854,worldnews,27,8475,9,0.47,6.27,False,True,Engagement Farmer,0.18
t1_4118664497,worldnews,27,24533,2,0.9,6.04,True,True,Engagement Farmer,0.268
t1_3837558035,gaming,2519,20079,1052,0.69,4.21,False,False,None (Human),0.085
t1_2959455788,worldnews,1,39727,3,0.17,6.11,True,True,AI Summarizer,0.422
t1_1537658474,gaming,1182,23334,149,0.02,4.52,False,False,None (Human),0.093
t1_1959031202,funny,717,7885,3380,0.66,4.11,False,False,None (Human),0.083
t1_3751077658,pics,1429,35408,1170,-0.84,4.4,False,False,None (Human),0.089
t1_992006552,technology,1096,14380,3444,-0.48,5.91,False,False,None (Human),0.119
t1_1380500112,funny,1992,46609,4,0.05,5.89,False,True,AI Summarizer,0.198
t1_2807345090,worldnews,174,6857,8,0.66,5.7,True,True,AI Summarizer,0.161
t1_696567649,technology,738,12185,1469,0.08,4.08,False,False,None (Human),0.082
t1_2229822342,pics,1401,23321,7,-0.1,6.84,False,True,AI Summarizer,0.187
t1_438342259,politics,919,32055,2204,0.39,4.65,False,False,None (Human),0.094
t1_180887711,worldnews,877,38913,2637,-0.37,4.87,False,False,None (Human),0.098
t1_384427022,politics,1592,31600,612,0.61,5.33,False,False,None (Human),0.108
t1_1352319041,gaming,1663,10904,8,-0.35,5.74,True,True,AI Summarizer,0.159
t1_3747744739,politics,313,17012,6,-0.28,7.05,True,True,Reprint Bot,0.199
t1_4257270343,pics,1841,23880,3099,-0.63,5.21,False,False,None (Human),0.105
t1_3507861065,gaming,627,19574,9,0.96,5.96,True,True,Engagement Farmer,0.16
t1_1692982803,politics,247,9039,1094,-0.49,5.81,False,False,None (Human),0.118
t1_1694489401,funny,1769,19571,3097,0.09,4.3,False,False,None (Human),0.086
t1_770792021,worldnews,2593,27120,4,-0.39,6.71,True,True,AI Summarizer,0.214
t1_2793059248,worldnews,538,4114,2868,-0.32,5.56,False,False,None (Human),0.112
t1_2054858803,worldnews,1917,29565,1350,0.42,5.62,False,False,None (Human),0.113
t1_3342414212,technology,2568,40163,1217,-0.19,4.48,False,False,None (Human),0.09
t1_1672017049,worldnews,201,45657,5,0.62,5.78,True,True,AI Summarizer,0.184
t1_2070575371,worldnews,26,17906,2,0.37,6.84,False,True,Reprint Bot,0.285
t1_885281367,gaming,1124,39108,9,-0.94,5.84,True,True,Reprint Bot,0.157
t1_1967399555,politics,2211,14317,6,0.52,6.78,False,True,Reprint Bot,0.193
t1_2595111367,gaming,1094,47153,3352,0.96,4.42,False,False,None (Human),0.089
t1_3279001296,pics,6,12560,4,0.1,7.24,True,True,Reprint Bot,0.282
t1_2506803983,worldnews,2679,8733,5,-0.51,6.31,True,True,AI Summarizer,0.193
t1_2516891863,worldnews,1988,22532,965,0.14,5.62,False,False,None (Human),0.113
t1_747408991,politics,3,46307,1,-0.08,6.68,False,True,Reprint Bot,0.434
t1_231265587,funny,2206,23730,6,0.71,6.17,False,True,Reprint Bot,0.181
t1_2926751312,funny,8,47815,7,-0.93,6.27,False,True,Reprint Bot,0.22
t1_1304517981,funny,1208,7373,10,0.28,5.9,False,True,Reprint Bot,0.155
t1_345214038,pics,1133,25449,7,0.13,7.49,False,True,Engagement Farmer,0.2
t1_1073576438,politics,30,20826,8,0.01,6.43,True,True,Engagement Farmer,0.186
t1_113615986,funny,2344,25242,3226,0.76,5.68,False,False,None (Human),0.114
t1_2448174843,pics,1642,21793,1560,-0.68,4.67,False,False,None (Human),0.094
t1_592773291,gaming,16,4380,8,-0.62,7.45,True,True,Engagement Farmer,0.217
t1_1291370185,technology,13,39788,5,0.96,5.79,True,True,Engagement Farmer,0.211
t1_4110080389,pics,873,18481,220,-0.46,5.93,False,False,None (Human),0.121
t1_1068023563,pics,30,46232,2087,-0.64,5.77,False,False,None (Human),0.128
t1_1590108516,gaming,1249,28459,1450,0.08,4.42,False,False,None (Human),0.089
t1_16651356,pics,2460,2515,458,-0.45,5.62,False,False,None (Human),0.113
t1_747686695,funny,1374,17927,5,0.59,6.67,False,True,Reprint Bot,0.2
t1_3883216715,pics,11,23496,5,0.31,6.49,False,True,AI Summarizer,0.23
t1_3747657294,pics,1262,3529,2539,-0.51,5.34,False,False,None (Human),0.107
t1_2128877510,technology,1554,13641,417,0.08,5.65,False,False,None (Human),0.114
t1_665107544,funny,2325,37615,9,-0.86,5.59,True,True,Engagement Farmer,0.152
t1_3168105090,pics,4,19859,2,0.7,5.56,False,True,Engagement Farmer,0.325
t1_1966118277,gaming,22,27090,5,-0.18,7.01,False,True,Engagement Farmer,0.224
t1_1914262697,funny,1328,48685,10,0.25,6.14,True,True,AI Summarizer,0.159
t1_930356462,politics,185,2375,2,0.62,7.01,True,True,AI Summarizer,0.276
t1_764714572,pics,1044,7584,468,-0.72,5.22,False,False,None (Human),0.106
t1_1554137131,worldnews,35,22264,1755,-0.55,5.54,False,False,None (Human),0.122
t1_1649843739,politics,1319,47214,3374,0.24,5.76,False,False,None (Human),0.116
t1_4186583804,pics,5,26780,9,-0.5,7.1,False,True,Engagement Farmer,0.249
t1_3714590487,worldnews,2266,36846,1799,0.17,5.04,False,False,None (Human),0.101
t1_700544192,pics,82,33024,983,0.72,5.65,False,False,None (Human),0.118
t1_2863857623,politics,1334,36011,396,0.89,4.03,False,False,None (Human),0.082
t1_2716220330,worldnews,1747,24062,3377,0.12,4.44,False,False,None (Human),0.089
t1_3834879715,funny,1672,42849,887,-0.82,5.44,False,False,None (Human),0.109
t1_1437736321,technology,5,37480,5,-0.78,6.82,True,True,Reprint Bot,0.27
t1_4095381714,technology,2246,15966,2,0.34,7.03,False,True,Engagement Farmer,0.274
t1_2157496799,politics,12,36990,10,0.1,7.06,False,True,Engagement Farmer,0.208
t1_3584987498,funny,1984,34589,2504,0.43,4.61,False,False,None (Human),0.093
t1_1155663086,worldnews,2486,13833,325,0.23,4.17,False,False,None (Human),0.085
t1_9811451,pics,19,10233,10,0.23,6.18,False,True,Engagement Farmer,0.18
t1_4078252325,worldnews,833,16582,310,0.68,5.43,False,False,None (Human),0.11
t1_2339643678,funny,1168,45272,6,-0.4,6.07,True,True,AI Summarizer,0.179
t1_1356740908,gaming,1110,33640,3466,-0.58,4.03,False,False,None (Human),0.081
t1_3227401527,funny,9,38144,10,-0.95,5.91,False,True,Engagement Farmer,0.195
t1_3175217004,pics,981,8217,887,-0.28,4.19,False,False,None (Human),0.085
t1_1392640167,gaming,1572,28285,2579,-0.61,4.33,False,False,None (Human),0.087
t1_2522846092,worldnews,2880,6892,3,-0.74,6.92,False,True,Reprint Bot,0.239
t1_807968253,gaming,9,15548,10,0.04,6.04,False,True,AI Summarizer,0.197
t1_4000554465,technology,2861,22970,10,-0.14,6.89,True,True,Reprint Bot,0.174
t1_927920115,funny,2718,28666,2706,-0.55,5.05,False,False,None (Human),0.101
t1_3755365196,gaming,2229,1213,2,0.85,6.03,False,True,AI Summarizer,0.254
t1_2150980857,worldnews,2677,10060,2985,0.11,5.82,False,False,None (Human),0.117
t1_382870444,technology,27,1872,5,-0.78,5.51,True,True,AI Summarizer,0.191
t1_3240038051,funny,29,6673,10,0.38,6.36,True,True,AI Summarizer,0.177
t1_2361076571,pics,1047,30424,116,-0.77,5.92,False,False,None (Human),0.122
t1_1995693474,politics,829,15655,9,-0.3,5.52,True,True,Engagement Farmer,0.151
t1_3878134250,gaming,2428,48150,62,0.34,4.12,False,False,None (Human),0.089
t1_2302949506,gaming,1887,24410,7,0.16,7.04,False,True,Engagement Farmer,0.191
t1_3456605535,politics,2937,7580,2715,-0.78,5.25,False,False,None (Human),0.105
t1_3152397213,worldnews,11,49384,6,0.28,5.8,False,True,Reprint Bot,0.206
t1_500240882,funny,9,17118,6,-0.58,5.99,False,True,AI Summarizer,0.217
t1_1757045153,technology,2659,3172,1449,0.42,5.8,False,False,None (Human),0.116
t1_69754741,politics,2331,10627,1156,0.75,5.98,False,False,None (Human),0.12
t1_1958365304,funny,513,21247,862,-0.65,4.05,False,False,None (Human),0.082
t1_1180832831,gaming,2604,15934,1758,0.94,4.52,False,False,None (Human),0.091
t1_2719056619,funny,817,308,137,0.34,4.15,False,False,None (Human),0.086
t1_1184659586,politics,700,48499,1755,0.31,5.44,False,False,None (Human),0.11
t1_143561303,worldnews,2292,46871,2022,-0.93,5.72,False,False,None (Human),0.115
t1_4100721081,pics,945,49343,2413,0.5,5.11,False,False,None (Human),0.103
t1_2076659939,politics,1522,13036,3148,0.55,4.92,False,False,None (Human),0.099
t1_68921921,politics,133,5104,10,-0.94,7.08,True,True,AI Summarizer,0.181
t1_3282364174,politics,1999,37119,3,0.04,7.25,True,True,AI Summarizer,0.245
t1_4220115256,politics,27,15472,1,0.95,7.18,True,True,Reprint Bot,0.358
t1_58778884,technology,456,44158,1546,0.46,4.63,False,False,None (Human),0.094
t1_599775573,funny,1242,26973,858,0.05,4.8,False,False,None (Human),0.097
t1_498652075,technology,20,11188,4,0.81,6.44,True,True,AI Summarizer,0.228
t1_2174651930,worldnews,27,6425,5,-0.57,6.94,False,True,Reprint Bot,0.22
t1_3523028966,funny,1439,24627,3516,0.25,5.58,False,False,None (Human),0.112
t1_1899808065,gaming,1161,33172,2082,0.12,4.41,False,False,None (Human),0.089
t1_724838945,worldnews,2726,7981,2698,0.94,5.46,False,False,None (Human),0.109
t1_747861962,pics,1332,37267,3286,-0.08,4.18,False,False,None (Human),0.084
t1_2916337420,politics,2968,26758,913,-0.89,4.3,False,False,None (Human),0.087
t1_3474939906,pics,14,12205,9,0.18,6.81,False,True,Reprint Bot,0.203
t1_1131969068,gaming,2577,1569,7,-0.95,5.7,True,True,AI Summarizer,0.164
t1_2077504655,gaming,2684,20727,3195,-0.81,5.83,False,False,None (Human),0.117
t1_575058293,gaming,5,32711,1,0.91,6.83,False,True,Reprint Bot,0.403
t1_4070008965,technology,1865,32085,3129,0.15,4.24,False,False,None (Human),0.085
t1_1556712121,technology,2454,26536,2549,-0.12,4.68,False,False,None (Human),0.094
t1_1128763838,funny,1006,10843,941,0.0,5.97,False,False,None (Human),0.12
t1_1557895694,gaming,1783,15159,3180,-0.62,4.69,False,False,None (Human),0.094
t1_2227635506,gaming,59,33368,2,-0.05,7.28,True,True,Reprint Bot,0.286
t1_2145939084,pics,29,3287,1,0.72,6.48,False,True,Engagement Farmer,0.343
t1_772151396,politics,1378,25357,4,-0.87,6.33,True,True,Engagement Farmer,0.207
t1_3602050163,pics,1022,43215,607,0.41,4.27,False,False,None (Human),0.086
t1_3949228681,worldnews,1319,39183,626,-0.18,4.46,False,False,None (Human),0.09
t1_3974937877,pics,63,35537,1140,-0.71,4.8,False,False,None (Human),0.103
t1_2071888584,gaming,1461,15875,2392,-0.21,5.45,False,False,None (Human),0.109
t1_89913748,technology,1220,21961,3008,-0.37,5.65,False,False,None (Human),0.113
t1_637184307,politics,1994,36104,1825,0.29,5.05,False,False,None (Human),0.101
t1_627217300,funny,51,13008,442,0.14,5.84,False,False,None (Human),0.125
t1_1927615245,pics,5,35397,3,-0.17,7.2,True,True,Reprint Bot,0.311
t1_4071776610,pics,1411,6585,256,0.05,4.79,False,False,None (Human),0.098
t1_2086824862,worldnews,446,43472,7,0.56,5.52,False,True,Reprint Bot,0.161
t1_1999120072,politics,1615,31191,6,-0.25,5.89,True,True,AI Summarizer,0.175
t1_3822160633,funny,320,35769,7,-0.02,6.9,False,True,Engagement Farmer,0.189
t1_4200594390,pics,545,11725,6,0.64,6.77,True,True,Engagement Farmer,0.193
t1_1480068378,gaming,2705,26840,185,0.92,4.89,False,False,None (Human),0.1
t1_3140348014,funny,1276,22937,898,0.15,5.7,False,False,None (Human),0.115
t1_2896021370,worldnews,1389,34587,334,0.02,5.64,False,False,None (Human),0.114
t1_1315784167,pics,217,14988,754,0.61,4.13,False,False,None (Human),0.085
t1_1506226417,funny,16,31372,10,0.28,6.72,False,True,Reprint Bot,0.194
t1_1731797104,pics,1817,38383,3433,-0.35,4.87,False,False,None (Human),0.098
t1_1710420280,politics,585,1408,2405,0.35,4.58,False,False,None (Human),0.092
t1_1846163527,gaming,12,9546,7,0.15,6.44,False,True,Reprint Bot,0.21
t1_441857365,funny,893,48831,2217,-0.16,5.99,False,False,None (Human),0.12
t1_1542566968,technology,2150,11906,258,0.63,4.83,False,False,None (Human),0.098
t1_3870477453,gaming,1148,5822,6,0.2,5.86,True,True,Engagement Farmer,0.175
t1_430584969,worldnews,2380,22699,2783,-0.59,5.01,False,False,None (Human),0.101
t1_3876473537,worldnews,749,35362,1150,0.05,5.63,False,False,None (Human),0.113
t1_3896190591,funny,28,26649,10,0.72,5.92,False,True,Reprint Bot,0.169
t1_909194896,worldnews,19,31948,4,-0.47,6.6,True,True,Engagement Farmer,0.232
t1_3160240670,worldnews,1091,40095,2684,0.97,5.01,False,False,None (Human),0.101
t1_3658455141,politics,1150,4130,590,-0.34,5.55,False,False,None (Human),0.112
t1_2908236542,gaming,5,31987,6,-0.29,6.48,False,True,Engagement Farmer,0.253
t1_1997759414,pics,947,2660,3373,-0.45,4.29,False,False,None (Human),0.086
t1_1749681535,funny,528,17035,1472,-0.9,5.85,False,False,None (Human),0.118
t1_1214925717,funny,456,33338,1681,-0.76,4.36,False,False,None (Human),0.088
t1_3834047520,technology,1884,36355,3513,0.87,4.95,False,False,None (Human),0.099
t1_1941835765,funny,55,47567,552,-0.75,4.16,False,False,None (Human),0.091
t1_49158260,worldnews,1225,27910,2400,-0.06,5.36,False,False,None (Human),0.108
t1_1891209018,pics,2334,32894,2607,-0.95,5.73,False,False,None (Human),0.115
t1_4266179534,pics,1474,33516,2267,-0.42,5.11,False,False,None (Human),0.103
t1_200434046,pics,2905,11748,3268,0.67,5.98,False,False,None (Human),0.12
t1_2400367421,gaming,604,8103,159,0.98,4.35,False,False,None (Human),0.09
t1_1423009533,politics,1453,12168,1880,-0.16,5.65,False,False,None (Human),0.113
t1_1495360302,funny,898,12882,2272,0.22,5.85,False,False,None (Human),0.118
t1_1963855406,pics,1894,1427,8,0.67,6.37,True,True,AI Summarizer,0.172
t1_1323406629,pics,2113,34476,1535,-0.37,5.78,False,False,None (Human),0.116
t1_2717996396,worldnews,552,31628,7,0.02,6.15,True,True,Engagement Farmer,0.174
t1_3058496286,technology,772,15274,3547,-0.92,4.45,False,False,None (Human),0.09
t1_1692204958,technology,1082,27690,9,-0.08,6.87,False,True,Engagement Farmer,0.178
t1_2831164639,pics,21,41711,8,0.95,6.97,False,True,Engagement Farmer,0.202
t1_2957306986,funny,1216,17807,10,0.51,5.63,False,True,Reprint Bot,0.149
t1_2933906199,technology,2851,33911,9,0.47,6.5,True,True,Engagement Farmer,0.17
t1_4057050575,funny,1824,36484,2691,0.49,4.6,False,False,None (Human),0.092
t1_3970153380,funny,325,42133,1175,0.35,5.52,False,False,None (Human),0.112
t1_3478995770,politics,1020,7162,2932,-0.7,5.69,False,False,None (Human),0.114
t1_1937749179,politics,1427,12646,2885,0.46,5.34,False,False,None (Human),0.107
t1_2360808464,politics,2,39182,8,0.55,6.27,True,True,Engagement Farmer,0.303
t1_2808426253,gaming,1023,27999,3577,1.0,5.78,False,False,None (Human),0.116
t1_3569515411,funny,2504,22321,3,-0.37,6.84,True,True,Reprint Bot,0.237
t1_870968184,politics,2071,16347,3525,-0.47,5.74,False,False,None (Human),0.115
t1_1708924017,worldnews,2137,31664,2946,0.07,5.59,False,False,None (Human),0.112
t1_4059295274,funny,704,21049,6,-0.18,5.89,True,True,Engagement Farmer,0.176
t1_2431173896,gaming,1537,11271,2657,0.59,4.38,False,False,None (Human),0.088
t1_2535409674,pics,5,39525,10,0.51,5.66,False,True,Engagement Farmer,0.216
t1_768295042,technology,2430,45930,1664,-0.63,5.14,False,False,None (Human),0.103
t1_3625592195,gaming,2916,18562,9,0.03,6.23,True,True,Engagement Farmer,0.165
t1_3795876981,gaming,17,7208,5,0.51,6.75,True,True,Reprint Bot,0.224
t1_918011539,gaming,1100,43307,10,-0.33,6.13,False,True,AI Summarizer,0.159
t1_3041483117,worldnews,2509,13532,6,0.48,6.07,False,True,AI Summarizer,0.179
t1_2708903594,pics,2475,27950,7,0.89,5.63,False,True,Engagement Farmer,0.163
t1_3956733504,politics,704,4761,1998,0.3,4.29,False,False,None (Human),0.087
t1_797473329,politics,2655,29279,1460,-0.06,5.31,False,False,None (Human),0.107
t1_4186979000,politics,2305,9981,1206,-0.13,4.76,False,False,None (Human),0.096
t1_328525504,gaming,401,17742,9,0.84,5.72,True,True,AI Summarizer,0.155
t1_2106473573,gaming,2024,36825,2,0.97,7.47,True,True,Engagement Farmer,0.283
t1_3155549429,worldnews,27,7736,5,0.31,6.16,False,True,Reprint Bot,0.204
t1_2157427135,pics,603,2126,1880,-0.35,5.16,False,False,None (Human),0.104
t1_1679829406,gaming,299,17334,1041,-0.39,5.23,False,False,None (Human),0.106
t1_1961793117,worldnews,50,19609,1403,0.02,5.56,False,False,None (Human),0.119
t1_3062588111,technology,766,30549,4,-0.32,5.94,True,True,AI Summarizer,0.199
t1_1792295927,worldnews,13,41330,7,-0.67,6.31,True,True,Engagement Farmer,0.205
t1_551951260,gaming,962,39139,6,0.29,7.37,False,True,Engagement Farmer,0.205
t1_3804068073,technology,30,19519,3,0.96,7.45,False,True,Engagement Farmer,0.262
t1_401262468,pics,1470,34175,1573,0.0,5.55,False,False,None (Human),0.112
t1_2814686547,worldnews,1220,47091,2030,0.23,4.22,False,False,None (Human),0.085
t1_918195337,funny,1128,9125,112,0.8,5.24,False,False,None (Human),0.109
t1_3199084227,pics,869,13666,7,0.46,6.01,False,True,Engagement Farmer,0.171
t1_3570886037,technology,2018,31045,3435,0.59,4.19,False,False,None (Human),0.084
t1_670146275,pics,1253,14521,1798,-0.22,4.7,False,False,None (Human),0.095
t1_1873547546,funny,2164,22527,264,0.78,4.26,False,False,None (Human),0.087
t1_134458544,politics,10,26348,10,-0.38,6.83,True,True,Engagement Farmer,0.209
t1_4094010633,worldnews,488,46692,2850,0.84,5.09,False,False,None (Human),0.103
t1_913459621,funny,27,25441,10,-0.48,6.2,False,True,Engagement Farmer,0.175
t1_2864088928,gaming,6,23741,9,-0.93,6.32,True,True,Reprint Bot,0.224
t1_3953236969,gaming,1706,41995,1516,-0.8,5.54,False,False,None (Human),0.111
t1_2902791806,gaming,628,24237,453,0.65,4.17,False,False,None (Human),0.085
t1_224770416,technology,79,44374,1633,0.41,4.83,False,False,None (Human),0.102
t1_2538268202,politics,707,8905,1021,0.73,5.51,False,False,None (Human),0.111
t1_886559971,worldnews,1807,1190,735,0.89,4.11,False,False,None (Human),0.083
t1_122958131,technology,1842,24170,2784,-0.67,4.43,False,False,None (Human),0.089
t1_311590130,pics,604,24397,1,-0.32,6.04,True,True,Reprint Bot,0.321
t1_1850969155,funny,1261,6866,3206,0.24,5.43,False,False,None (Human),0.109
t1_2957313926,worldnews,1048,46390,1749,-0.83,5.03,False,False,None (Human),0.101
t1_2791094152,worldnews,1099,4920,7,0.52,7.22,False,True,AI Summarizer,0.195
t1_311733002,politics,1133,21189,1,-0.86,7.29,False,True,Engagement Farmer,0.346
t1_3861256238,gaming,2032,15493,6,-0.39,7.48,False,True,Engagement Farmer,0.207
t1_3870142916,politics,1474,46530,3124,-0.67,5.1,False,False,None (Human),0.102
t1_4290735238,gaming,30,3914,7,-0.97,5.73,False,True,Reprint Bot,0.178
t1_3515406220,politics,196,22196,1923,-0.3,5.6,False,False,None (Human),0.114
t1_3390994471,pics,1645,12648,2198,0.05,5.2,False,False,None (Human),0.104
t1_2006344793,gaming,851,2527,1348,0.2,4.16,False,False,None (Human),0.084
t1_3143211477,funny,630,24644,2846,-0.27,5.21,False,False,None (Human),0.105
t1_2707173870,worldnews,504,16481,1735,0.14,5.59,False,False,None (Human),0.113
t1_2720959309,politics,2405,48288,1931,-0.73,5.22,False,False,None (Human),0.105
t1_2643341123,worldnews,1879,39589,2264,-1.0,4.99,False,False,None (Human),0.1
t1_581633542,technology,2093,33422,2356,-1.0,5.97,False,False,None (Human),0.12
t1_3748492077,politics,854,41645,929,-0.97,4.03,False,False,None (Human),0.081
t1_2009100984,technology,483,48536,1197,-0.92,4.23,False,False,None (Human),0.086
t1_1354046872,gaming,2602,2239,636,0.41,4.07,False,False,None (Human),0.082
t1_533298564,politics,1,31028,5,0.4,5.84,False,True,Reprint Bot,0.383
t1_1572265192,gaming,2147,22913,267,0.68,4.82,False,False,None (Human),0.098
t1_745895974,pics,1890,47997,258,-0.88,5.51,False,False,None (Human),0.112
t1_483101322,politics,2394,6209,1958,0.92,4.9,False,False,None (Human),0.098
t1_164878644,worldnews,2576,39876,2052,-0.69,5.7,False,False,None (Human),0.114
t1_3591327478,funny,1311,49410,2833,-0.69,5.71,False,False,None (Human),0.115
t1_3783993157,gaming,874,3072,3029,0.65,5.17,False,False,None (Human),0.104
t1_1050616762,technology,985,24133,2727,-0.28,5.43,False,False,None (Human),0.109
t1_3592944164,technology,1821,29372,1022,-0.52,5.44,False,False,None (Human),0.109
t1_409347473,funny,1985,15921,2584,-0.01,5.75,False,False,None (Human),0.115
t1_3111350034,worldnews,2593,6604,2,-0.45,6.53,False,True,Reprint Bot,0.264
t1_4097442651,funny,2682,14710,2771,0.34,5.77,False,False,None (Human),0.116
t1_3661906720,gaming,2717,9834,1325,0.47,5.24,False,False,None (Human),0.105
t1_3392039887,worldnews,22,25312,7,0.35,6.33,False,True,Engagement Farmer,0.194
t1_1641858075,politics,2670,25492,1,0.02,5.85,True,True,Engagement Farmer,0.317
t1_636418625,funny,683,31904,2,-0.01,5.66,False,True,Reprint Bot,0.247
t1_737123395,gaming,104,26506,1,-0.2,6.46,False,True,Engagement Farmer,0.333
t1_3082356117,pics,740,46966,1171,0.79,5.78,False,False,None (Human),0.116
t1_256406119,worldnews,18,47859,5,-0.19,6.49,False,True,Reprint Bot,0.218
t1_302127340,worldnews,24,16455,10,-0.03,5.66,True,True,Reprint Bot,0.166
t1_1250986858,politics,10,27255,5,0.8,5.79,False,True,Engagement Farmer,0.219
t1_2102580417,gaming,226,38177,2536,-0.59,5.78,False,False,None (Human),0.118
t1_2723971581,gaming,6,13731,1,-0.38,6.62,True,True,Reprint Bot,0.39
t1_3046370764,politics,435,37684,2958,0.88,4.39,False,False,None (Human),0.089
t1_1474663453,gaming,1859,48766,1315,0.87,5.06,False,False,None (Human),0.102
t1_2799733282,politics,2717,41599,9,0.39,7.1,True,True,AI Summarizer,0.182
t1_70552806,worldnews,1625,3315,7,-0.98,6.0,True,True,Reprint Bot,0.17
t1_1532423414,funny,27,22655,5,0.7,7.05,False,True,Engagement Farmer,0.222
t1_3754925909,pics,2940,14481,3,-0.97,5.65,False,True,AI Summarizer,0.213
t1_4293839633,funny,2666,6519,4,0.95,7.4,False,True,Engagement Farmer,0.228
t1_4184294626,pics,1286,10980,1059,-0.12,4.05,False,False,None (Human),0.082
t1_3266505732,pics,1841,42012,3532,-0.27,5.34,False,False,None (Human),0.107
t1_240146514,pics,2098,8552,3203,0.6,4.66,False,False,None (Human),0.094
t1_1264473280,pics,812,22376,2603,-0.04,4.29,False,False,None (Human),0.086
t1_3032940511,pics,1273,1073,3257,-0.25,4.96,False,False,None (Human),0.1
t1_31090416,technology,1646,6550,1923,-0.49,5.31,False,False,None (Human),0.107
t1_1319748927,technology,2087,22703,1940,-0.09,4.86,False,False,None (Human),0.098
t1_2232455935,funny,24,34861,10,-0.43,6.06,False,True,Engagement Farmer,0.174
t1_1654148082,politics,1476,48640,2779,0.45,4.43,False,False,None (Human),0.089
t1_147550363,politics,606,30350,760,0.07,5.68,False,False,None (Human),0.115
t1_4206363506,worldnews,602,6617,508,-0.07,5.56,False,False,None (Human),0.113
t1_1314671287,funny,45,2077,2882,0.4,5.1,False,False,None (Human),0.111
t1_3075237123,funny,1606,9151,460,0.33,5.36,False,False,None (Human),0.108
t1_2644949542,technology,8,42396,4,-0.03,5.82,True,True,Reprint Bot,0.241
t1_3885580629,funny,751,16054,2110,0.59,5.25,False,False,None (Human),0.106
t1_2221890470,politics,7,9147,5,-0.32,6.71,False,True,Engagement Farmer,0.251
t1_2530599124,funny,2918,10977,1464,-0.69,5.01,False,False,None (Human),0.101
t1_2507176670,technology,2038,4177,1542,0.47,5.83,False,False,None (Human),0.117
t1_748853581,worldnews,2025,14797,2058,-0.35,4.39,False,False,None (Human),0.088
t1_4118320738,technology,492,25795,149,-0.89,5.94,False,False,None (Human),0.122
t1_3171285450,technology,2544,16531,1134,0.44,5.28,False,False,None (Human),0.106
t1_752066406,worldnews,9,18083,2,0.95,6.99,True,True,AI Summarizer,0.313
t1_256160802,pics,1710,9421,435,0.69,4.22,False,False,None (Human),0.086
t1_301433856,pics,1080,26828,3028,-0.25,5.06,False,False,None (Human),0.102
t1_1267569871,politics,2,16450,10,0.08,5.82,True,True,AI Summarizer,0.286
t1_3482593961,politics,81,44624,9,-0.77,6.01,True,True,Engagement Farmer,0.165
t1_1373658000,pics,23,18962,2,-0.04,7.08,False,True,Engagement Farmer,0.292
t1_1785002687,politics,23,9720,4,0.85,6.5,False,True,AI Summarizer,0.227
t1_2603281222,pics,2860,13278,469,-0.94,4.09,False,False,None (Human),0.083
t1_2425240703,gaming,13,28554,9,0.38,6.57,True,True,AI Summarizer,0.2
t1_3876980581,politics,1,42476,10,-0.78,6.98,False,True,Engagement Farmer,0.376
t1_3119093840,politics,2968,36675,1689,0.75,4.28,False,False,None (Human),0.086
t1_862910264,gaming,168,36820,2183,-0.53,5.86,False,False,None (Human),0.12
t1_267670188,worldnews,26,31397,3,0.44,5.79,False,True,Engagement Farmer,0.231
t1_4270606742,gaming,1902,25741,1601,0.71,5.8,False,False,None (Human),0.116
t1_151856667,gaming,148,22564,5,-0.7,6.86,True,True,Engagement Farmer,0.207
t1_3592710578,politics,6,27929,9,-0.93,7.11,False,True,Reprint Bot,0.239
t1_2467061741,funny,833,36355,698,-0.99,5.92,False,False,None (Human),0.119
t1_1295278364,funny,2504,45145,633,0.18,5.76,False,False,None (Human),0.116
t1_1394575118,funny,1906,4513,1060,-0.81,4.27,False,False,None (Human),0.086
t1_235018567,funny,2020,33258,194,0.86,4.55,False,False,None (Human),0.093
t1_3653802690,politics,92,48712,1495,-0.63,5.08,False,False,None (Human),0.106
t1_1094522314,pics,107,32711,1,0.42,7.03,True,True,AI Summarizer,0.344
t1_3238724238,politics,72,15868,1674,0.11,4.7,False,False,None (Human),0.1
t1_573532816,gaming,2996,47384,1420,0.77,5.96,False,False,None (Human),0.12
t1_2526007140,worldnews,6,32870,6,0.01,6.01,True,True,AI Summarizer,0.234
t1_59261616,pics,2219,34219,3390,-0.72,4.37,False,False,None (Human),0.088
t1_1999251533,politics,15,37592,2,0.6,6.09,True,True,Engagement Farmer,0.28
t1_2032588961,worldnews,2635,15618,1413,-0.83,4.77,False,False,None (Human),0.096
t1_1969937470,gaming,1047,26122,2579,-0.35,4.92,False,False,None (Human),0.099
t1_517021415,technology,1195,38528,613,-0.42,5.98,False,False,None (Human),0.121
t1_1292194388,funny,1198,22079,2712,-0.7,4.44,False,False,None (Human),0.089
t1_2705345826,funny,17,16597,1,-0.37,6.44,False,True,AI Summarizer,0.351
t1_2971847116,technology,22,10369,8,0.79,6.15,True,True,Reprint Bot,0.185
t1_4218523675,funny,531,12068,2583,-0.42,5.09,False,False,None (Human),0.103
t1_3571718696,gaming,1355,5176,327,0.71,5.04,False,False,None (Human),0.102
t1_3102797638,funny,798,22733,2539,-0.9,4.71,False,False,None (Human),0.095
t1_3816193760,technology,2946,23394,3159,-0.64,4.06,False,False,None (Human),0.081
t1_375310985,funny,1660,24031,10,-0.38,6.96,False,True,Engagement Farmer,0.176
t1_2903464677,gaming,18,29527,3,0.71,6.79,False,True,Engagement Farmer,0.257
t1_324366128,gaming,2630,12611,6,-0.7,6.83,True,True,AI Summarizer,0.194
t1_1238243073,pics,1256,36555,2278,-0.48,5.9,False,False,None (Human),0.118
t1_1668176893,funny,1921,9529,7,0.73,6.24,False,True,Engagement Farmer,0.175
t1_1653270376,politics,2620,5825,79,0.89,4.76,False,False,None (Human),0.1
t1_2244507305,politics,453,362,8,-0.44,5.63,True,True,Engagement Farmer,0.158
t1_2656014507,technology,2488,33280,3398,-0.2,5.2,False,False,None (Human),0.104
t1_3450696851,worldnews,1207,1360,1075,-0.09,5.28,False,False,None (Human),0.106
t1_965696487,funny,773,38728,1253,-0.55,5.44,False,False,None (Human),0.11
t1_4243564315,politics,982,49734,8,0.43,6.04,True,True,Reprint Bot,0.166
t1_3960357373,worldnews,718,18163,1430,-0.21,4.76,False,False,None (Human),0.096
t1_578246505,technology,1910,32578,1,-0.49,6.94,False,True,Engagement Farmer,0.339
t1_4268182622,funny,2,45255,7,0.2,6.05,True,True,AI Summarizer,0.304
t1_1665478838,gaming,7,44473,2,0.68,6.04,True,True,Reprint Bot,0.304
t1_1431343309,funny,1921,22467,10,-0.95,7.12,False,True,Reprint Bot,0.179
t1_1995728871,funny,2385,22980,1698,-0.74,5.12,False,False,None (Human),0.103
t1_3705924212,politics,2073,9470,1411,0.05,5.5,False,False,None (Human),0.11
t1_1298764177,worldnews,1823,40089,737,-0.28,4.91,False,False,None (Human),0.099
t1_33153070,gaming,2029,47008,885,0.73,4.06,False,False,None (Human),0.082
t1_311414098,technology,18,37615,6,-0.57,5.71,True,True,Engagement Farmer,0.192
t1_1302065550,funny,19,18289,2,-0.2,7.09,True,True,Engagement Farmer,0.295
t1_629022686,gaming,684,24720,1865,0.3,4.46,False,False,None (Human),0.09
t1_126136401,technology,611,43513,10,-0.41,7.03,False,True,AI Summarizer,0.178
t1_2813218574,politics,29,30886,2,-0.28,7.4,True,True,Engagement Farmer,0.295
t1_2522265152,funny,12,13477,8,0.99,7.37,True,True,Reprint Bot,0.223
t1_1055692840,funny,243,26013,6,-0.78,7.34,True,True,Engagement Farmer,0.206
t1_3208338331,gaming,687,3768,3,-0.03,6.54,False,True,AI Summarizer,0.231
t1_2740409696,pics,1966,15802,7,0.81,6.67,True,True,AI Summarizer,0.184
t1_2798291048,pics,1086,2671,3576,-0.1,4.49,False,False,None (Human),0.09
t1_2833345048,politics,926,39955,1752,0.77,5.97,False,False,None (Human),0.12
t1_1118761159,worldnews,327,22835,3444,0.34,4.79,False,False,None (Human),0.097
t1_3278079950,technology,1130,28656,7,0.01,6.7,False,True,Reprint Bot,0.184
t1_1762486769,technology,1194,40599,1867,-0.06,4.97,False,False,None (Human),0.1
t1_1229763193,funny,413,43278,2211,0.5,4.65,False,False,None (Human),0.094
t1_1128519740,technology,18,47695,9,0.68,6.96,True,True,Reprint Bot,0.2
t1_1431480819,funny,876,46978,1362,0.64,4.48,False,False,None (Human),0.09
t1_587282295,worldnews,11,43037,1,0.9,6.58,False,True,Engagement Farmer,0.365
t1_2303104436,technology,2250,44344,8,-0.49,5.93,True,True,Engagement Farmer,0.163
t1_3377852977,politics,696,31365,4,-0.6,6.23,False,True,AI Summarizer,0.205
t1_1248934621,gaming,2834,33248,1794,-0.16,5.24,False,False,None (Human),0.105
t1_2090465617,technology,10,47129,10,0.4,6.43,True,True,Engagement Farmer,0.201
t1_2826827217,gaming,756,41179,926,-0.67,4.56,False,False,None (Human),0.092
t1_2487365745,politics,19,41764,7,0.61,6.25,True,True,Engagement Farmer,0.195
t1_790320850,gaming,479,33751,932,0.31,5.54,False,False,None (Human),0.112
t1_3789482572,technology,1231,24251,2911,-0.61,4.45,False,False,None (Human),0.089
t1_3443259969,technology,6,5909,6,0.17,6.29,False,True,Reprint Bot,0.24
t1_2120823659,politics,1527,18603,659,0.82,5.55,False,False,None (Human),0.112
t1_3829636749,pics,18,22820,5,0.48,6.21,True,True,AI Summarizer,0.212
t1_790954811,funny,2260,24732,2517,0.67,4.54,False,False,None (Human),0.091
t1_3225089789,gaming,21,4862,9,0.45,6.79,True,True,Reprint Bot,0.194
t1_219292478,worldnews,224,4080,2870,0.23,4.77,False,False,None (Human),0.097
t1_1354793597,politics,1214,29623,1333,0.03,5.67,False,False,None (Human),0.114
t1_3457954239,pics,2052,42701,2879,0.94,5.38,False,False,None (Human),0.108
t1_841275053,gaming,2,14377,6,0.64,6.5,False,True,AI Summarizer,0.32
t1_1116491093,worldnews,1958,44601,507,0.98,5.9,False,False,None (Human),0.119
t1_3115228147,gaming,2918,12978,2860,-0.03,5.51,False,False,None (Human),0.11
t1_1445044364,funny,764,44842,2,0.15,6.02,False,True,AI Summarizer,0.254
t1_1747192205,worldnews,18,7334,8,0.94,6.25,True,True,Engagement Farmer,0.19
t1_2643306770,gaming,2436,29707,6,-0.65,7.14,True,True,Engagement Farmer,0.2
t1_1409452662,politics,1514,39302,1694,0.47,4.31,False,False,None (Human),0.087
t1_1300223158,technology,1682,31630,6,0.46,5.99,True,True,Reprint Bot,0.177
t1_3827363384,pics,5,1997,10,0.92,5.71,True,True,AI Summarizer,0.217
t1_2796268538,funny,2095,32182,1366,0.9,4.44,False,False,None (Human),0.089
t1_2594339829,funny,783,27712,2921,-0.82,5.09,False,False,None (Human),0.102
t1_160173488,worldnews,8,2420,10,0.39,6.27,False,True,Reprint Bot,0.206
t1_2215551464,pics,1161,35927,3158,-0.25,5.4,False,False,None (Human),0.108
t1_2214925039,worldnews,133,29843,4,0.12,7.34,True,True,Reprint Bot,0.23
t1_543122540,pics,25,31184,2,0.36,5.73,False,True,AI Summarizer,0.263
t1_3473108110,funny,203,45111,4,0.02,5.7,False,True,Reprint Bot,0.196
t1_3784612423,pics,287,25561,7,-0.35,7.23,False,True,AI Summarizer,0.196
t1_2488854300,technology,12,21283,1,-0.21,6.35,False,True,AI Summarizer,0.358
t1_4130800481,technology,2178,43090,5,0.71,5.78,False,True,AI Summarizer,0.182
t1_3088776262,pics,2672,20283,1555,0.21,4.85,False,False,None (Human),0.097
t1_3049062501,pics,2227,4322,1868,-0.38,5.48,False,False,None (Human),0.11
t1_605144710,politics,2246,4009,3197,-0.32,5.42,False,False,None (Human),0.109
